B_AB,B_R,B_H,B_RBI,B_BB,B_SO,B_SB,P_IP,P_H,P_R,P_ER,P_BB,P_SO,P_HR,P_#P,Result
34,6,9,5,2,6,1,9.0,6,2,1,3,4,0,7,win
42,3,9,3,6,12,1,12.0,13,4,3,4,4,1,9,lose
37,7,10,7,3,7,0,9.0,12,6,6,4,2,2,5,win
31,6,8,6,3,7,0,9.0,12,5,5,3,2,2,7,win
31,3,4,3,1,9,0,9.0,12,7,7,5,3,0,5,lose
33,3,7,3,4,9,0,9.0,7,6,6,4,7,0,7,lose
38,10,15,8,3,8,1,9.0,9,3,3,2,6,1,4,lose
27,2,4,2,3,3,0,9.0,3,0,0,3,9,0,4,win
35,3,9,3,2,10,1,9.0,9,1,1,2,3,0,7,win
37,6,10,6,2,7,0,9.0,8,1,1,1,3,0,3,win
29,2,4,2,4,7,1,9.0,9,1,1,3,3,1,7,win
40,4,11,4,2,9,2,10.0,5,3,3,3,8,0,6,win
38,7,12,7,0,5,2,8.2,12,8,8,6,3,0,7,lose
37,11,10,11,2,6,0,9.0,10,8,6,7,8,1,8,lose
37,6,11,5,1,4,1,8.0,14,9,9,2,8,2,5,lose
35,3,6,2,3,6,3,8.0,10,5,5,2,4,1,5,lose
47,4,12,4,4,7,2,12.0,14,4,2,6,5,0,9,draw
30,1,3,1,1,11,0,9.0,25,14,10,6,6,1,6,lose
34,9,12,9,4,5,0,9.0,11,8,8,4,5,1,6,win
19,3,5,2,0,3,3,5.0,5,3,3,1,5,2,3,draw
37,3,8,3,5,10,1,11.0,8,0,0,3,10,0,7,win
30,0,6,0,2,5,0,8.0,14,10,7,3,5,0,5,lose
33,2,5,2,2,7,1,8.0,10,4,4,2,3,1,5,lose
31,2,7,2,1,3,0,8.0,16,13,12,0,5,1,5,win
44,14,19,14,4,9,2,9.0,7,4,4,3,6,1,7,lose
35,6,9,6,4,6,1,9.0,4,1,1,3,4,0,4,win
39,7,12,7,1,11,0,9.0,6,2,2,1,7,1,5,win
36,10,13,7,3,4,0,10.0,15,9,9,1,5,2,7,lose
36,8,15,8,1,6,2,9.0,10,3,3,3,5,0,7,win
35,7,10,7,1,5,2,9.0,12,6,4,2,2,1,5,win
26,0,2,0,2,7,0,8.0,10,4,3,2,11,1,4,lose
30,1,7,1,2,9,0,8.0,11,6,5,0,2,0,6,lose
37,3,11,3,5,8,1,8.0,12,8,8,5,5,1,4,lose
36,5,11,5,3,7,1,8.0,11,7,7,2,4,1,4,lose
37,4,11,3,1,4,0,8.0,13,9,9,3,4,0,6,lose
35,2,7,2,3,6,0,10.0,6,3,1,3,9,0,5,lose
32,1,8,1,3,5,0,9.0,11,3,3,1,6,1,6,lose
31,8,11,8,2,3,1,9.0,8,2,2,5,10,0,5,win
27,4,10,4,1,2,0,7.0,10,7,7,6,1,3,4,lose
38,5,12,5,1,6,0,9.0,13,9,9,3,6,1,6,lose
33,2,9,2,4,4,1,9.0,7,3,3,2,6,0,6,lose
32,0,5,0,1,13,0,9.0,10,7,7,3,5,2,6,lose
35,5,8,4,3,8,1,9.0,6,2,2,1,9,0,5,win
33,6,8,6,7,6,1,8.0,6,10,7,8,6,1,6,win
31,2,6,2,1,5,1,8.0,6,6,6,9,6,1,5,lose
38,5,13,5,4,7,1,8.0,14,10,10,5,6,3,7,win
33,2,9,2,0,5,1,8.2,7,3,3,4,6,0,3,lose
30,2,6,1,6,13,4,9.0,9,6,4,5,9,1,8,lose
39,19,17,19,6,7,2,9.0,12,7,7,3,4,3,6,lose
32,3,7,3,1,3,1,9.0,12,4,4,3,8,1,6,lose
31,5,10,5,2,6,3,9.0,8,3,2,0,5,0,5,win
33,4,9,3,2,7,1,9.0,12,7,7,2,2,1,5,lose
36,2,10,2,2,9,1,9.0,13,7,7,4,6,2,7,lose
37,8,12,8,2,3,0,10.0,14,6,6,5,5,2,8,win
36,7,12,7,2,6,1,9.0,12,6,6,1,8,4,5,win
34,6,10,6,3,3,2,9.0,6,3,3,4,14,1,5,win
43,9,14,9,7,8,1,8.0,18,14,14,9,9,2,8,win
35,8,12,8,6,9,0,9.0,8,5,5,2,6,0,4,win
36,3,12,3,2,9,2,8.1,9,4,3,4,4,0,7,lose
32,0,8,0,0,10,0,8.0,10,5,5,0,6,0,5,lose
35,4,8,3,3,11,1,8.0,7,5,5,3,5,1,6,lose
29,1,5,1,1,2,0,8.0,3,2,2,6,7,0,7,lose
31,6,8,6,5,8,0,8.0,14,8,8,1,6,2,5,lose
32,1,5,1,1,8,0,8.0,13,9,9,3,7,2,6,lose
38,7,13,7,2,8,0,10.0,13,6,6,2,12,1,5,win
33,9,12,9,3,6,0,9.0,16,7,6,3,9,0,8,win
33,10,10,10,4,9,0,9.0,16,6,6,7,8,1,7,lose
36,4,11,4,2,5,0,9.0,14,6,6,2,15,1,6,lose
31,6,11,6,1,6,0,9.0,8,1,1,2,9,0,5,win
39,7,10,7,8,9,2,10.0,19,8,8,7,3,0,9,lose
33,4,11,4,1,4,1,9.0,3,0,0,1,10,0,6,win
34,10,13,10,3,8,0,9.0,10,6,5,1,9,2,3,lose
38,16,15,16,7,1,0,9.0,5,0,0,2,8,0,5,win
49,20,21,19,6,4,0,9.0,10,5,5,3,4,1,4,lose
35,5,8,5,7,8,1,8.0,17,12,11,0,8,4,6,win
31,2,4,2,2,8,1,8.0,9,7,4,3,9,3,3,lose
27,0,3,0,2,8,0,8.0,10,5,2,1,5,0,3,lose
37,9,13,7,3,8,3,9.0,16,4,4,6,8,1,5,win
37,6,12,6,2,3,1,9.0,8,1,0,2,9,0,5,win
34,4,9,4,2,8,1,8.0,15,10,9,2,8,1,4,win
34,12,15,10,2,4,0,9.0,8,6,3,3,10,1,5,lose
29,2,6,2,1,9,2,8.1,7,3,3,5,8,0,5,lose
30,5,8,5,0,7,1,9.0,3,0,0,1,7,0,3,win
33,8,11,7,5,4,0,9.0,5,1,1,2,6,0,4,win
34,1,10,1,0,3,0,9.0,15,8,6,5,3,1,7,lose
29,5,7,5,2,7,0,9.0,11,2,1,2,9,0,3,win
36,7,13,7,2,11,1,9.0,12,4,4,1,8,2,5,win
41,1,14,1,3,8,0,8.0,11,5,2,3,7,1,4,lose
38,8,13,7,2,5,3,9.0,7,7,5,3,5,0,6,win
36,9,9,8,7,7,3,9.0,8,4,4,1,7,1,4,win
33,8,11,8,3,8,0,9.0,10,3,3,4,8,0,6,win
30,6,7,5,6,9,0,9.0,10,4,3,2,8,0,6,win
34,11,11,11,4,9,0,9.0,12,3,3,4,8,1,6,lose
34,9,11,9,2,9,0,9.0,10,1,1,3,6,0,4,win
31,1,6,1,6,12,0,9.0,10,2,2,1,9,0,6,lose
36,7,11,6,1,6,0,9.0,6,0,0,6,10,0,6,win
29,2,6,2,4,10,0,8.0,9,4,4,3,8,1,7,lose
31,4,8,4,0,8,0,9.0,6,2,2,0,4,1,4,win
35,4,10,3,2,8,2,8.0,8,5,2,5,6,0,5,lose
35,3,8,3,3,5,0,8.0,8,5,2,2,6,0,4,lose
41,15,14,15,3,8,0,9.0,19,14,14,4,1,3,8,win
35,5,9,5,5,9,0,9.0,5,3,3,3,8,1,6,win
34,1,12,1,2,7,0,9.0,13,2,2,4,9,0,5,lose
37,11,15,11,2,11,0,9.0,8,3,3,2,12,0,4,lose
43,8,16,7,3,7,0,9.0,16,11,11,5,15,0,7,win
36,9,14,8,3,7,0,9.0,7,2,1,4,4,0,5,win
34,9,10,9,4,2,0,9.0,9,3,2,3,4,1,5,win
42,16,15,16,6,6,0,9.0,9,2,2,2,9,1,4,lose
37,10,13,7,5,6,0,8.2,11,11,5,9,7,1,9,lose
37,3,7,2,1,10,2,10.0,11,2,2,2,7,1,7,win
33,4,9,4,1,7,0,9.0,8,3,3,5,10,0,7,win
30,3,4,3,1,10,0,9.0,7,1,1,1,7,1,6,win
34,4,9,4,0,9,0,8.0,14,15,15,5,4,7,7,win
38,14,12,14,5,5,0,9.0,12,5,5,0,10,1,7,lose
36,4,10,4,3,8,0,8.0,10,6,6,3,5,3,5,lose
35,7,13,5,1,4,2,9.0,5,1,1,3,10,0,6,win
35,8,9,8,3,7,1,9.0,16,12,10,1,6,2,6,win
30,2,5,2,1,11,1,9.0,8,1,1,5,11,0,5,win
29,5,8,5,3,3,0,9.0,6,2,2,3,8,0,3,win
27,1,5,1,1,9,1,9.0,9,2,2,3,10,1,7,lose